user_id,name
0,John Doe
1,Jane Smith
2,Bob Johnson
3,Alice Williams
4,Michael Brown
5,Emily Davis
6,David Wilson
7,Sarah Miller
8,James Taylor
9,Jessica Anderson
10,Daniel Thomas
11,Laura Jackson
12,Matthew White
13,Olivia Harris
14,Joshua Martin
15,Susan Thompson
16,Andrew Garcia
17,Kimberly Martinez
18,Joseph Robinson
19,Patricia Clark
20,Charles Rodriguez
21,Elizabeth Lewis
22,Thomas Lee
23,Barbara Walker
24,Christopher Hall
25,Jennifer Allen
26,Matthew Young
27,Angela King
28,Kevin Wright
29,Rebecca Scott
30,Jason Green
31,Michelle Adams
32,Eric Baker
33,Laura Gonzalez
34,Steven Nelson
35,Deborah Carter
36,Mark Mitchell
37,Sharon Perez
38,Paul Roberts
39,Kimberly Turner
40,Daniel Phillips
41,Jessica Campbell
42,James Parker
43,Emily Evans
44,David Edwards
45,Laura Edwards
46,Michael Collins
47,Patricia Stewart
48,Joshua Sanchez
49,Angela Morris
50,Matthew Rogers
51,Rebecca Reed
52,Kevin Cook
53,Jennifer Morgan
54,Charles Bell
55,Kimberly Murphy
56,Jason Rivera
57,Laura Cooper
58,Eric Bailey
59,Susan Rivera
60,Daniel Cooper
61,Emily Howard
62,James Ward
63,Patricia Torres
64,Joshua Peterson
65,Angela Gray
66,Matthew Ramirez
67,Rebecca James
68,Kevin Watson
69,Jennifer Brooks
70,Michael Kelly
71,Laura Sanders
72,David Price
73,Susan Bennett
74,Joshua Wood
75,Angela Hughes
76,Matthew Flores
77,Rebecca Ward
78,Kevin Rivera
79,Jennifer Cooper
80,Michael Reed
81,Laura Cox
82,David Diaz
83,Susan Howard
84,Joshua Martinez
85,Angela Lee
86,Matthew Gonzalez
87,Rebecca Hall
88,Kevin Young
89,Jennifer Allen
90,Michael King
91,Laura Wright
92,David Scott
93,Susan Green
94,Joshua Adams
95,Angela Nelson
96,Matthew King
97,Rebecca Young
98,Kevin Scott
99,Jennifer Green
100,Michael Turner
101,Laura Martinez
102,David Roberts
103,Susan Rivera
104,Joshua Cooper
105,Angela Murphy
106,Matthew Carter
107,Rebecca Young
108,Kevin Scott
109,Jennifer Adams
110,Michael Phillips
111,Laura Turner
112,David Martinez
113,Susan King
114,Joshua Wright
115,Angela Nelson
116,Matthew Young
117,Rebecca Scott
118,Kevin Green
119,Jennifer Hall
120,Michael Turner
121,Laura Martinez
122,David Roberts
123,Susan Rivera
124,Joshua Cooper
125,Angela Murphy
126,Matthew Carter
127,Rebecca Young
128,Kevin Scott
129,Jennifer Adams
130,Michael Phillips
131,Laura Turner
132,David Martinez
133,Susan King
134,Joshua Wright
135,Angela Nelson
136,Matthew Young
137,Rebecca Scott
138,Kevin Green
139,Jennifer Hall
140,Michael Turner
141,Laura Martinez
142,David Roberts
143,Susan Rivera
144,Joshua Cooper
145,Angela Murphy
146,Matthew Carter
147,Rebecca Young
148,Kevin Scott
149,Jennifer Adams
150,Michael Phillips
151,Laura Turner
152,David Martinez
153,Susan King
154,Joshua Wright
155,Angela Nelson
156,Matthew Young
157,Rebecca Scott
158,Kevin Green
159,Jennifer Hall
160,Michael Turner
161,Laura Martinez
162,David Roberts
163,Susan Rivera
164,Joshua Cooper
165,Angela Murphy
166,Matthew Carter
167,Rebecca Young
168,Kevin Scott
169,Jennifer Adams
170,Michael Phillips
171,Laura Turner
172,David Martinez
173,Susan King
174,Joshua Wright
175,Angela Nelson
176,Matthew Young
177,Rebecca Scott
178,Kevin Green
179,Jennifer Hall
180,Michael Turner
181,Laura Martinez
182,David Roberts
183,Susan Rivera
184,Joshua Cooper
185,Angela Murphy
186,Matthew Carter
187,Rebecca Young
188,Kevin Scott
189,Jennifer Adams
190,Michael Phillips
191,Laura Turner
192,David Martinez
193,Susan King
194,Joshua Wright
195,Angela Nelson
196,Matthew Young
197,Rebecca Scott
198,Kevin Green
199,Jennifer Hall
200,Michael Turner
201,Laura Martinez
202,David Roberts
203,Susan Rivera
204,Joshua Cooper
205,Angela Murphy
206,Matthew Carter
207,Rebecca Young
208,Kevin Scott
209,Jennifer Adams
210,Michael Phillips
211,Laura Turner
212,David Martinez
213,Susan King
214,Joshua Wright
215,Angela Nelson
216,Matthew Young
217,Rebecca Scott
218,Kevin Green
219,Jennifer Hall
220,Michael Turner
221,Laura Martinez
222,David Roberts
223,Susan Rivera
224,Joshua Cooper
225,Angela Murphy
226,Matthew Carter
227,Rebecca Young
228,Kevin Scott
229,Jennifer Adams
230,Michael Phillips
231,Laura Turner
232,David Martinez
233,Susan King
234,Joshua Wright
235,Angela Nelson
236,Matthew Young
237,Rebecca Scott
238,Kevin Green
239,Jennifer Hall
240,Michael Turner
241,Laura Martinez
242,David Roberts
243,Susan Rivera
244,Joshua Cooper
245,Angela Murphy
246,Matthew Carter
247,Rebecca Young
248,Kevin Scott
249,Jennifer Adams
250,Michael Phillips
251,Laura Turner
252,David Martinez
253,Susan King
254,Joshua Wright
255,Angela Nelson
256,Matthew Young
257,Rebecca Scott
258,Kevin Green
259,Jennifer Hall
260,Michael Turner
261,Laura Martinez
262,David Roberts
263,Susan Rivera
264,Joshua Cooper
265,Angela Murphy
266,Matthew Carter
267,Rebecca Young
268,Kevin Scott
269,Jennifer Adams
270,Michael Phillips
271,Laura Turner
272,David Martinez
273,Susan King
274,Joshua Wright
275,Angela Nelson
276,Matthew Young
277,Rebecca Scott
278,Kevin Green
279,Jennifer Hall
280,Michael Turner
281,Laura Martinez
282,David Roberts
283,Susan Rivera
284,Joshua Cooper
285,Angela Murphy
286,Matthew Carter
287,Rebecca Young
288,Kevin Scott
289,Jennifer Adams
290,Michael Phillips
291,Laura Turner
292,David Martinez
293,Susan King
294,Joshua Wright
295,Angela Nelson
296,Matthew Young
297,Rebecca Scott
298,Kevin Green
299,Jennifer Hall
300,Michael Turner
301,Laura Martinez
302,David Roberts
303,Susan Rivera
304,Joshua Cooper
305,Angela Murphy
306,Matthew Carter
307,Rebecca Young
308,Kevin Scott
309,Jennifer Adams
310,Michael Phillips
311,Laura Turner
312,David Martinez
313,Susan King
314,Joshua Wright
315,Angela Nelson
316,Matthew Young
317,Rebecca Scott
318,Kevin Green
319,Jennifer Hall
320,Michael Turner
321,Laura Martinez
322,David Roberts
323,Susan Rivera
324,Joshua Cooper
325,Angela Murphy
326,Matthew Carter
327,Rebecca Young
328,Kevin Scott
329,Jennifer Adams
330,Michael Phillips
331,Laura Turner
332,David Martinez
333,Susan King
334,Joshua Wright
335,Angela Nelson
336,Matthew Young
337,Rebecca Scott
338,Kevin Green
339,Jennifer Hall
340,Michael Turner
341,Laura Martinez
342,David Roberts
343,Susan Rivera
344,Joshua Cooper
345,Angela Murphy
346,Matthew Carter
347,Rebecca Young
348,Kevin Scott
349,Jennifer Adams
350,Michael Phillips
351,Laura Turner
352,David Martinez
353,Susan King
354,Joshua Wright
355,Angela Nelson
356,Matthew Young
357,Rebecca Scott
358,Kevin Green
359,Jennifer Hall
360,Michael Turner
361,Laura Martinez
362,David Roberts
363,Susan Rivera
364,Joshua Cooper
365,Angela Murphy
366,Matthew Carter
367,Rebecca Young
368,Kevin Scott
369,Jennifer Adams
370,Michael Phillips
371,Laura Turner
372,David Martinez
373,Susan King
374,Joshua Wright
375,Angela Nelson
376,Matthew Young
377,Rebecca Scott
378,Kevin Green
379,Jennifer Hall
380,Michael Turner
381,Laura Martinez
382,David Roberts
383,Susan Rivera
384,Joshua Cooper
385,Angela Murphy
386,Matthew Carter
387,Rebecca Young
388,Kevin Scott
389,Jennifer Adams
390,Michael Phillips
391,Laura Turner
392,David Martinez
393,Susan King
394,Joshua Wright
395,Angela Nelson
396,Matthew Young
397,Rebecca Scott
398,Kevin Green
399,Jennifer Hall
